<?xml version="1.0" encoding="utf-8" ?>
<codetemplate	xmlns="http://schemas.borland.com/Delphi/2005/codetemplates"
				version="1.0.0">
	<template name="LoadStr" invoke="manual">
		<point name="svar">
			<text>
				stringVar
			</text>
			<hint>
				Enter the name of a string variable
			</hint>
		</point>

		<description>
		   Select a Stringresource from the Stringtable
		</description>
		<author>
		   Marco warm
		   MarcoWarm@theunknownones.net
		   www.theunknownones.net
		</author>
		<script language="TUOScript" onenter="false" onleave="true">
		   Version=1,0
		   LoadResource(STRING,@@RESED@@)
		</script>
		<code language="Delphi" context="methodbody" delimiter="|">
			<![CDATA[|svar|:=LoadStr(@@RESED@@);]]>
		</code>
	</template>
</codetemplate>