<?xml version="1.0" encoding="utf-8" ?>
<codetemplate	xmlns="http://schemas.borland.com/Delphi/2005/codetemplates"
				version="1.0.0">
	<template name="rescreate" invoke="manual">
		<point name="value">
			<text>
				ResName
			</text>
			<hint>
				Enter the name of the Resource you want to create
			</hint>
		</point>

		<description>
			 Create a new resource in a selected res file
		</description>
		<author>
			 Marco warm
		   MarcoWarm@theunknownones.net
		   www.theunknownones.net
		</author>
		<script language="TUOScript" onenter="false" onleave="true">
		   Version=1,0
		   AddResource(|value|)
		</script>
		<code language="Delphi" context="methodbody" delimiter="|">
			<![CDATA['|value|']]>
		</code>
	</template>
</codetemplate>