<?xml version="1.0" encoding="utf-8" ?>
<codetemplate	xmlns="http://schemas.borland.com/Delphi/2005/codetemplates"
				version="1.0.0">
	<template name="resico" invoke="manual">
		<point name="ico">
			<text>
				Icon
			</text>
			<hint>
				Enter the name of the icon object which you want to load the resource into
			</hint>
		</point>

		<description>
		   Load an icon from the resource
		</description>
		<author>
		   Marco warm
		   MarcoWarm@theunknownones.net
		   www.theunknownones.net
		</author>
		<script language="TUOScript" onenter="false" onleave="true">
		   Version=1,0
		   LoadResource(ICON,@@RESED@@)
		   // BITMAP, CURSOR, ICON, JPEG, PNG, GIF, MESSAGE, STRING, RCDATA
		   // is possible here
		</script>
		<code language="Delphi" context="methodbody" delimiter="|">
			<![CDATA[|ico|.LoadFromResourceName(hInstance, '@@RESED@@');]]>
		</code>
	</template>
</codetemplate>